<beans xmlns:xsi="http://www.w3.org/2001/XMLSchema-instance"
       xmlns="http://www.springframework.org/schema/beans"
       xsi:schemaLocation="http://www.springframework.org/schema/beans
    http://www.springframework.org/schema/beans/spring-beans-3.0.xsd">




    <bean id="placeholderConfigMM" class="com.dell.dims.SpringPropertiesUtil">
        <property name="systemPropertiesModeName" value="SYSTEM_PROPERTIES_MODE_OVERRIDE"/>
        <property name="locations">
            <list>
                <value>tibco.properties</value>
            </list>
        </property>
    </bean>


</beans>